keyword,intent,monthly_search_est,difficulty,priority
gym Kolhapur,commercial,800,medium,high
best gym in Kolhapur,commercial,600,medium,high
gym near me Kolhapur,commercial,1200,high,high
personal trainer Kolhapur,commercial,400,medium,high
weight loss gym Kolhapur,commercial,300,medium,high
strength training Kolhapur,commercial,250,medium,high
female gym Kolhapur,commercial,200,low,high
24 hour gym Kolhapur,commercial,150,medium,medium
CrossFit Kolhapur,commercial,100,medium,medium
gym membership Kolhapur price,commercial,180,medium,high
gym with trainers Kolhapur,commercial,220,medium,high
gym classes Kolhapur,commercial,160,medium,medium
bodybuilding gym Kolhapur,commercial,120,medium,medium
cardio gym Kolhapur,commercial,90,low,medium
functional training Kolhapur,commercial,80,low,medium
cheap gym Kolhapur,commercial,140,medium,low
premium gym Kolhapur,commercial,70,low,low
muscle tree gym contact,branded,50,low,high
muscle tree gym reviews,branded,40,low,high
muscle tree gym timings,branded,60,low,high
gym Nagalapark,commercial,200,medium,high
gym near Nagalapark,commercial,180,medium,high
fitness center Kolhapur,commercial,320,medium,medium
gym for women Kolhapur,commercial,110,low,high
personal training Kolhapur,commercial,280,medium,high
gym fees in Kolhapur,commercial,150,medium,high
best gym for weight loss Kolhapur,commercial,90,low,medium
gym with personal trainer Kolhapur,commercial,160,medium,high
affordable gym Kolhapur,commercial,130,medium,medium
luxury gym Kolhapur,commercial,60,low,low
gym membership offers Kolhapur,commercial,100,medium,medium
fitness classes Kolhapur,commercial,140,medium,medium
yoga classes Kolhapur,commercial,180,medium,medium
gym trial Kolhapur,commercial,80,low,high
gym discount Kolhapur,commercial,70,low,medium
muscle building gym Kolhapur,commercial,95,low,medium
endurance training Kolhapur,commercial,65,low,medium
group fitness Kolhapur,commercial,110,low,medium
corporate gym membership Kolhapur,commercial,45,low,medium
student gym membership Kolhapur,commercial,85,low,medium
senior fitness Kolhapur,commercial,55,low,low
rehabilitation gym Kolhapur,commercial,40,low,low
sports training Kolhapur,commercial,75,low,medium
kickboxing classes Kolhapur,commercial,60,low,medium
zumba classes Kolhapur,commercial,90,low,medium
aerobics classes Kolhapur,commercial,70,low,medium
gym for beginners Kolhapur,commercial,120,medium,high
advanced gym Kolhapur,commercial,50,low,medium
gym with sauna Kolhapur,commercial,80,low,medium
gym with steam room Kolhapur,commercial,65,low,medium
gym with swimming pool Kolhapur,commercial,45,low,low
